RollNo,Name
1001,Student_1001
1001,Student_1002
1003,Student_1003
1004,Student_1004
1005,Student_1005
1006,Student_1006
1007,Student_1007
1008,Student_1008
1009,Student_1009
1010,Student_1010
1011,Student_1011
1012,Student_1012
1013,Student_1013
1014,Student_1014
1015,Student_1015
1016,Student_1016
1017,Student_1017
1018,Student_1018
1019,Student_1019
1020,Student_1020
1021,Student_1021
1022,Student_1022
1023,Student_1023
1024,Student_1024
1025,Student_1025
1026,Student_1026
1027,Student_1027
1028,Student_1028
1029,Student_1029
1030,Student_1030
1031,Student_1031
1032,Student_1032
1033,Student_1033
1034,Student_1034
1035,Student_1035
1036,Student_1036
1037,Student_1037
1038,Student_1038
1039,Student_1039
1040,Student_1040
1041,Student_1041
1042,Student_1042
1043,Student_1043
1044,Student_1044
1045,Student_1045
1046,Student_1046
1047,Student_1047
1048,Student_1048
1049,Student_1049
1050,Student_1050
1051,Student_1051
1052,Student_1052
1053,Student_1053
1054,Student_1054
1055,Student_1055
1056,Student_1056
1057,Student_1057
1058,Student_1058
1059,Student_1059
1060,Student_1060
1061,Student_1061
1062,Student_1062
1063,Student_1063
1064,Student_1064
1065,Student_1065
1066,Student_1066
1067,Student_1067
1068,Student_1068
1069,Student_1069
1070,Student_1070
1071,Student_1071
1072,Student_1072
1073,Student_1073
1074,Student_1074
1075,Student_1075
1076,Student_1076
1077,Student_1077
1078,Student_1078
1079,Student_1079
1080,Student_1080
1081,Student_1081
1082,Student_1082
1083,Student_1083
1084,Student_1084
1085,Student_1085
1086,Student_1086
1087,Student_1087
1088,Student_1088
1089,Student_1089
1090,Student_1090
1091,Student_1091
1092,Student_1092
1093,Student_1093
1094,Student_1094
1095,Student_1095
1096,Student_1096
1097,Student_1097
1098,Student_1098
1099,Student_1099
1100,Student_1100
1101,Student_1101
1102,Student_1102
1103,Student_1103
1104,Student_1104
1105,Student_1105
1106,Student_1106
1107,Student_1107
1108,Student_1108
1109,Student_1109
1110,Student_1110
1111,Student_1111
1112,Student_1112
1113,Student_1113
1114,Student_1114
1115,Student_1115
1116,Student_1116
1117,Student_1117
1118,Student_1118
1119,Student_1119
1120,Student_1120
1121,Student_1121
1122,Student_1122
1123,Student_1123
1124,Student_1124
1125,Student_1125
1126,Student_1126
1127,Student_1127
1128,Student_1128
1129,Student_1129
1130,Student_1130
1131,Student_1131
1132,Student_1132
1133,Student_1133
1134,Student_1134
1135,Student_1135
1136,Student_1136
1137,Student_1137
1138,Student_1138
1139,Student_1139
1140,Student_1140
1141,Student_1141
1142,Student_1142
1143,Student_1143
1144,Student_1144
1145,Student_1145
1146,Student_1146
1147,Student_1147
1148,Student_1148
1149,Student_1149
1150,Student_1150
1151,Student_1151
1152,Student_1152
1153,Student_1153
1154,Student_1154
1155,Student_1155
1156,Student_1156
1157,Student_1157
1158,Student_1158
1159,Student_1159
1160,Student_1160
1161,Student_1161
1162,Student_1162
1163,Student_1163
1164,Student_1164
1165,Student_1165
1166,Student_1166
1167,Student_1167
1168,Student_1168
1169,Student_1169
1170,Student_1170
1171,Student_1171
1172,Student_1172
1173,Student_1173
1174,Student_1174
1175,Student_1175
1176,Student_1176
1177,Student_1177
1178,Student_1178
1179,Student_1179
1180,Student_1180
1181,Student_1181
1182,Student_1182
1183,Student_1183
1184,Student_1184
1185,Student_1185
1186,Student_1186
1187,Student_1187
1188,Student_1188
1189,Student_1189
1190,Student_1190
1191,Student_1191
1192,Student_1192
1193,Student_1193
1194,Student_1194
1195,Student_1195
1196,Student_1196
1197,Student_1197
1198,Student_1198
1199,Student_1199
1200,Student_1200
1201,Student_1201
1202,Student_1202
1203,Student_1203
1204,Student_1204
1205,Student_1205
1206,Student_1206
1207,Student_1207
1208,Student_1208
1209,Student_1209
1210,Student_1210
1211,Student_1211
1212,Student_1212
1213,Student_1213
1214,Student_1214
1215,Student_1215
1216,Student_1216
1217,Student_1217
1218,Student_1218
1219,Student_1219
1220,Student_1220
1221,Student_1221
1222,Student_1222
1223,Student_1223
1224,Student_1224
1225,Student_1225
1226,Student_1226
1227,Student_1227
1228,Student_1228
1229,Student_1229
1230,Student_1230
1231,Student_1231
1232,Student_1232
1233,Student_1233
1234,Student_1234
1235,Student_1235
1236,Student_1236
1237,Student_1237
1238,Student_1238
1239,Student_1239
1240,Student_1240
1241,Student_1241
1242,Student_1242
1243,Student_1243
1244,Student_1244
1245,Student_1245
1246,Student_1246
1247,Student_1247
1248,Student_1248
1249,Student_1249
1250,Student_1250
1251,Student_1251
1252,Student_1252
1253,Student_1253
1254,Student_1254
1255,Student_1255
1256,Student_1256
1257,Student_1257
1258,Student_1258
1259,Student_1259
1260,Student_1260
1261,Student_1261
1262,Student_1262
1263,Student_1263
1264,Student_1264
1265,Student_1265
1266,Student_1266
1267,Student_1267
1268,Student_1268
1269,Student_1269
1270,Student_1270
1271,Student_1271
1272,Student_1272
1273,Student_1273
1274,Student_1274
1275,Student_1275
1276,Student_1276
1277,Student_1277
1278,Student_1278
1279,Student_1279
1280,Student_1280
1281,Student_1281
1282,Student_1282
1283,Student_1283
1284,Student_1284
1285,Student_1285
1286,Student_1286
1287,Student_1287
1288,Student_1288
1289,Student_1289
1290,Student_1290
1291,Student_1291
1292,Student_1292
1293,Student_1293
1294,Student_1294
1295,Student_1295
1296,Student_1296
1297,Student_1297
1298,Student_1298
1299,Student_1299
1300,Student_1300
1301,Student_1301
1302,Student_1302
1303,Student_1303
1304,Student_1304
1305,Student_1305
1306,Student_1306
1307,Student_1307
1308,Student_1308
1309,Student_1309
1310,Student_1310
1311,Student_1311
1312,Student_1312
1313,Student_1313
1314,Student_1314
1315,Student_1315
1316,Student_1316
1317,Student_1317
1318,Student_1318
1319,Student_1319
1320,Student_1320
1321,Student_1321
1322,Student_1322
1323,Student_1323
1324,Student_1324
1325,Student_1325
1326,Student_1326
1327,Student_1327
1328,Student_1328
1329,Student_1329
1330,Student_1330
1331,Student_1331
1332,Student_1332
1333,Student_1333
1334,Student_1334
1335,Student_1335
1336,Student_1336
1337,Student_1337
1338,Student_1338
1339,Student_1339
1340,Student_1340
1341,Student_1341
1342,Student_1342
1343,Student_1343
1344,Student_1344
1345,Student_1345
1346,Student_1346
1347,Student_1347
1348,Student_1348
1349,Student_1349
1350,Student_1350
1351,Student_1351
1352,Student_1352
1353,Student_1353
1354,Student_1354
1355,Student_1355
1356,Student_1356
1357,Student_1357
1358,Student_1358
1359,Student_1359
1360,Student_1360
1361,Student_1361
1362,Student_1362
1363,Student_1363
1364,Student_1364
1365,Student_1365
1366,Student_1366
1367,Student_1367
1368,Student_1368
1369,Student_1369
1370,Student_1370
1371,Student_1371
1372,Student_1372
1373,Student_1373
1374,Student_1374
1375,Student_1375
1376,Student_1376
1377,Student_1377
1378,Student_1378
1379,Student_1379
1380,Student_1380
1381,Student_1381
1382,Student_1382
1383,Student_1383
1384,Student_1384
1385,Student_1385
1386,Student_1386
1387,Student_1387
1388,Student_1388
1389,Student_1389
1390,Student_1390
1391,Student_1391
1392,Student_1392
1393,Student_1393
1394,Student_1394
1395,Student_1395
1396,Student_1396
1397,Student_1397
1398,Student_1398
1399,Student_1399
1400,Student_1400
1401,Student_1401
1402,Student_1402
1403,Student_1403
1404,Student_1404
1405,Student_1405
1406,Student_1406
1407,Student_1407
1408,Student_1408
1409,Student_1409
1410,Student_1410
1411,Student_1411
1412,Student_1412
1413,Student_1413
1414,Student_1414
1415,Student_1415
1416,Student_1416
1417,Student_1417
1418,Student_1418
1419,Student_1419
1420,Student_1420
1421,Student_1421
1422,Student_1422
1423,Student_1423
1424,Student_1424
1425,Student_1425
1426,Student_1426
1427,Student_1427
1428,Student_1428
1429,Student_1429
1430,Student_1430
1431,Student_1431
1432,Student_1432
1433,Student_1433
1434,Student_1434
1435,Student_1435
1436,Student_1436
1437,Student_1437
1438,Student_1438
1439,Student_1439
1440,Student_1440
1441,Student_1441
1442,Student_1442
1443,Student_1443
1444,Student_1444
1445,Student_1445
1446,Student_1446
1447,Student_1447
1448,Student_1448
1449,Student_1449
1450,Student_1450
1451,Student_1451
1452,Student_1452
1453,Student_1453
1454,Student_1454
1455,Student_1455
1456,Student_1456
1457,Student_1457
1458,Student_1458
1459,Student_1459
1460,Student_1460
1461,Student_1461
1462,Student_1462
1463,Student_1463
1464,Student_1464
1465,Student_1465
1466,Student_1466
1467,Student_1467
1468,Student_1468
1469,Student_1469
1470,Student_1470
1471,Student_1471
1472,Student_1472
1473,Student_1473
1474,Student_1474
1475,Student_1475
1476,Student_1476
1477,Student_1477
1478,Student_1478
1479,Student_1479
1480,Student_1480
1481,Student_1481
1482,Student_1482
1483,Student_1483
1484,Student_1484
1485,Student_1485
1486,Student_1486
1487,Student_1487
1488,Student_1488
1489,Student_1489
1490,Student_1490
1491,Student_1491
1492,Student_1492
1493,Student_1493
1494,Student_1494
1495,Student_1495
1496,Student_1496
1497,Student_1497
1498,Student_1498
1499,Student_1499
1500,Student_1500
