RollNo,Name,Room
1001,Student_1001
,1
1001,Student_1002
,1
1003,Student_1003
,1
1004,Student_1004
,1
1005,Student_1005
,1
1006,Student_1006
,1
1007,Student_1007
,1
1008,Student_1008
,1
1009,Student_1009
,1
1010,Student_1010
,1
1011,Student_1011
,1
1012,Student_1012
,1
1013,Student_1013
,1
1014,Student_1014
,1
1015,Student_1015
,1
1016,Student_1016
,1
1017,Student_1017
,1
1018,Student_1018
,1
1019,Student_1019
,1
1020,Student_1020
,1
1021,Student_1021
,2
1022,Student_1022
,2
1023,Student_1023
,4
1024,Student_1024
,2
1025,Student_1025
,2
1026,Student_1026
,2
1027,Student_1027
,2
1028,Student_1028
,2
1029,Student_1029
,2
1030,Student_1030
,2
1031,Student_1031
,2
1032,Student_1032
,2
1033,Student_1033
,2
1034,Student_1034
,2
1035,Student_1035
,2
1036,Student_1036
,2
1037,Student_1037
,2
1038,Student_1038
,2
1039,Student_1039
,2
1040,Student_1040
,2
1041,Student_1041
,3
1042,Student_1042
,3
1043,Student_1043
,3
1044,Student_1044
,3
1045,Student_1045
,3
1046,Student_1046
,3
1047,Student_1047
,3
1048,Student_1048
,3
1049,Student_1049
,3
1050,Student_1050
,3
1051,Student_1051
,3
1052,Student_1052
,3
1053,Student_1053
,3
1054,Student_1054
,3
1055,Student_1055
,3
1056,Student_1056
,3
1057,Student_1057
,3
1058,Student_1058
,3
1059,Student_1059
,3
1060,Student_1060
,3
1061,Student_1061
,4
1062,Student_1062
,4
1063,Student_1063
,4
1064,Student_1064
,4
1065,Student_1065
,4
1066,Student_1066
,4
1067,Student_1067
,4
1068,Student_1068
,4
1069,Student_1069
,4
1070,Student_1070
,4
1071,Student_1071
,4
1072,Student_1072
,4
1073,Student_1073
,4
1074,Student_1074
,4
1075,Student_1075
,2
1076,Student_1076
,4
1077,Student_1077
,4
1078,Student_1078
,4
1079,Student_1079
,4
1080,Student_1080
,4
1081,Student_1081
,5
1082,Student_1082
,5
1083,Student_1083
,5
1084,Student_1084
,5
1085,Student_1085
,5
1086,Student_1086
,5
1087,Student_1087
,5
1088,Student_1088
,5
1089,Student_1089
,5
1090,Student_1090
,5
1091,Student_1091
,5
1092,Student_1092
,5
1093,Student_1093
,5
1094,Student_1094
,5
1095,Student_1095
,5
1096,Student_1096
,5
1097,Student_1097
,5
1098,Student_1098
,5
1099,Student_1099
,5
1100,Student_1100
,5
1101,Student_1101
,6
1102,Student_1102
,6
1103,Student_1103
,6
1104,Student_1104
,6
1105,Student_1105
,6
1106,Student_1106
,6
1107,Student_1107
,6
1108,Student_1108
,6
1109,Student_1109
,6
1110,Student_1110
,6
1111,Student_1111
,6
1112,Student_1112
,6
1113,Student_1113
,6
1114,Student_1114
,6
1115,Student_1115
,6
1116,Student_1116
,6
1117,Student_1117
,6
1118,Student_1118
,6
1119,Student_1119
,6
1120,Student_1120
,6
1121,Student_1121
,7
1122,Student_1122
,7
1123,Student_1123
,7
1124,Student_1124
,7
1125,Student_1125
,7
1126,Student_1126
,7
1127,Student_1127
,7
1128,Student_1128
,7
1129,Student_1129
,7
1130,Student_1130
,7
1131,Student_1131
,7
1132,Student_1132
,7
1133,Student_1133
,7
1134,Student_1134
,7
1135,Student_1135
,7
1136,Student_1136
,7
1137,Student_1137
,7
1138,Student_1138
,7
1139,Student_1139
,7
1140,Student_1140
,7
1141,Student_1141
,8
1142,Student_1142
,8
1143,Student_1143
,8
1144,Student_1144
,8
1145,Student_1145
,8
1146,Student_1146
,8
1147,Student_1147
,8
1148,Student_1148
,8
1149,Student_1149
,8
1150,Student_1150
,8
1151,Student_1151
,8
1152,Student_1152
,8
1153,Student_1153
,8
1154,Student_1154
,8
1155,Student_1155
,8
1156,Student_1156
,8
1157,Student_1157
,8
1158,Student_1158
,8
1159,Student_1159
,8
1160,Student_1160
,8
1161,Student_1161
,9
1162,Student_1162
,9
1163,Student_1163
,9
1164,Student_1164
,9
1165,Student_1165
,9
1166,Student_1166
,9
1167,Student_1167
,9
1168,Student_1168
,9
1169,Student_1169
,9
1170,Student_1170
,9
1171,Student_1171
,9
1172,Student_1172
,9
1173,Student_1173
,9
1174,Student_1174
,9
1175,Student_1175
,9
1176,Student_1176
,9
1177,Student_1177
,9
1178,Student_1178
,9
1179,Student_1179
,9
1180,Student_1180
,9
1181,Student_1181
,10
1182,Student_1182
,10
1183,Student_1183
,10
1184,Student_1184
,10
1185,Student_1185
,10
1186,Student_1186
,10
1187,Student_1187
,10
1188,Student_1188
,10
1189,Student_1189
,10
1190,Student_1190
,10
1191,Student_1191
,10
1192,Student_1192
,10
1193,Student_1193
,10
1194,Student_1194
,10
1195,Student_1195
,10
1196,Student_1196
,10
1197,Student_1197
,10
1198,Student_1198
,10
1199,Student_1199
,10
1200,Student_1200
,10
1201,Student_1201
,11
1202,Student_1202
,11
1203,Student_1203
,11
1204,Student_1204
,11
1205,Student_1205
,11
1206,Student_1206
,11
1207,Student_1207
,11
1208,Student_1208
,11
1209,Student_1209
,11
1210,Student_1210
,11
1211,Student_1211
,11
1212,Student_1212
,11
1213,Student_1213
,11
1214,Student_1214
,11
1215,Student_1215
,11
1216,Student_1216
,11
1217,Student_1217
,11
1218,Student_1218
,11
1219,Student_1219
,11
1220,Student_1220
,11
1221,Student_1221
,12
1222,Student_1222
,12
1223,Student_1223
,12
1224,Student_1224
,12
1225,Student_1225
,12
1226,Student_1226
,12
1227,Student_1227
,12
1228,Student_1228
,12
1229,Student_1229
,12
1230,Student_1230
,12
1231,Student_1231
,12
1232,Student_1232
,12
1233,Student_1233
,12
1234,Student_1234
,12
1235,Student_1235
,12
1236,Student_1236
,12
1237,Student_1237
,12
1238,Student_1238
,12
1239,Student_1239
,12
1240,Student_1240
,12
1241,Student_1241
,13
1242,Student_1242
,13
1243,Student_1243
,13
1244,Student_1244
,13
1245,Student_1245
,13
1246,Student_1246
,13
1247,Student_1247
,13
1248,Student_1248
,13
1249,Student_1249
,13
1250,Student_1250
,13
1251,Student_1251
,13
1252,Student_1252
,13
1253,Student_1253
,13
1254,Student_1254
,13
1255,Student_1255
,13
1256,Student_1256
,13
1257,Student_1257
,13
1258,Student_1258
,13
1259,Student_1259
,13
1260,Student_1260
,13
1261,Student_1261
,14
1262,Student_1262
,14
1263,Student_1263
,14
1264,Student_1264
,14
1265,Student_1265
,14
1266,Student_1266
,14
1267,Student_1267
,14
1268,Student_1268
,14
1269,Student_1269
,14
1270,Student_1270
,14
1271,Student_1271
,14
1272,Student_1272
,14
1273,Student_1273
,14
1274,Student_1274
,14
1275,Student_1275
,14
1276,Student_1276
,14
1277,Student_1277
,14
1278,Student_1278
,14
1279,Student_1279
,14
1280,Student_1280
,14
1281,Student_1281
,15
1282,Student_1282
,15
1283,Student_1283
,15
1284,Student_1284
,15
1285,Student_1285
,15
1286,Student_1286
,15
1287,Student_1287
,15
1288,Student_1288
,15
1289,Student_1289
,15
1290,Student_1290
,15
1291,Student_1291
,15
1292,Student_1292
,15
1293,Student_1293
,15
1294,Student_1294
,15
1295,Student_1295
,15
1296,Student_1296
,15
1297,Student_1297
,15
1298,Student_1298
,15
1299,Student_1299
,15
1300,Student_1300
,15
1301,Student_1301
,16
1302,Student_1302
,16
1303,Student_1303
,16
1304,Student_1304
,16
1305,Student_1305
,16
1306,Student_1306
,16
1307,Student_1307
,16
1308,Student_1308
,16
1309,Student_1309
,16
1310,Student_1310
,16
1311,Student_1311
,16
1312,Student_1312
,16
1313,Student_1313
,16
1314,Student_1314
,16
1315,Student_1315
,16
1316,Student_1316
,16
1317,Student_1317
,16
1318,Student_1318
,16
1319,Student_1319
,16
1320,Student_1320
,16
1321,Student_1321
,17
1322,Student_1322
,17
1323,Student_1323
,17
1324,Student_1324
,17
1325,Student_1325
,17
1326,Student_1326
,17
1327,Student_1327
,17
1328,Student_1328
,17
1329,Student_1329
,17
1330,Student_1330
,17
1331,Student_1331
,17
1332,Student_1332
,17
1333,Student_1333
,17
1334,Student_1334
,17
1335,Student_1335
,17
1336,Student_1336
,17
1337,Student_1337
,17
1338,Student_1338
,17
1339,Student_1339
,17
1340,Student_1340
,17
1341,Student_1341
,18
1342,Student_1342
,18
1343,Student_1343
,18
1344,Student_1344
,18
1345,Student_1345
,18
1346,Student_1346
,18
1347,Student_1347
,18
1348,Student_1348
,18
1349,Student_1349
,18
1350,Student_1350
,18
1351,Student_1351
,18
1352,Student_1352
,18
1353,Student_1353
,18
1354,Student_1354
,18
1355,Student_1355
,18
1356,Student_1356
,18
1357,Student_1357
,18
1358,Student_1358
,18
1359,Student_1359
,18
1360,Student_1360
,18
1361,Student_1361
,19
1362,Student_1362
,19
1363,Student_1363
,19
1364,Student_1364
,19
1365,Student_1365
,19
1366,Student_1366
,19
1367,Student_1367
,19
1368,Student_1368
,19
1369,Student_1369
,19
1370,Student_1370
,19
1371,Student_1371
,19
1372,Student_1372
,19
1373,Student_1373
,19
1374,Student_1374
,19
1375,Student_1375
,19
1376,Student_1376
,19
1377,Student_1377
,19
1378,Student_1378
,19
1379,Student_1379
,19
1380,Student_1380
,19
1381,Student_1381
,20
1382,Student_1382
,20
1383,Student_1383
,20
1384,Student_1384
,20
1385,Student_1385
,20
1386,Student_1386
,20
1387,Student_1387
,20
1388,Student_1388
,20
1389,Student_1389
,20
1390,Student_1390
,20
1391,Student_1391
,20
1392,Student_1392
,20
1393,Student_1393
,20
1394,Student_1394
,20
1395,Student_1395
,20
1396,Student_1396
,20
1397,Student_1397
,20
1398,Student_1398
,20
1399,Student_1399
,20
1400,Student_1400
,20
1401,Student_1401
,21
1402,Student_1402
,21
1403,Student_1403
,21
1404,Student_1404
,21
1405,Student_1405
,21
1406,Student_1406
,21
1407,Student_1407
,21
1408,Student_1408
,21
1409,Student_1409
,21
1410,Student_1410
,21
1411,Student_1411
,21
1412,Student_1412
,21
1413,Student_1413
,21
1414,Student_1414
,21
1415,Student_1415
,21
1416,Student_1416
,21
1417,Student_1417
,21
1418,Student_1418
,21
1419,Student_1419
,21
1420,Student_1420
,21
1421,Student_1421
,22
1422,Student_1422
,22
1423,Student_1423
,22
1424,Student_1424
,22
1425,Student_1425
,22
1426,Student_1426
,22
1427,Student_1427
,22
1428,Student_1428
,22
1429,Student_1429
,22
1430,Student_1430
,22
1431,Student_1431
,22
1432,Student_1432
,22
1433,Student_1433
,22
1434,Student_1434
,22
1435,Student_1435
,22
1436,Student_1436
,22
1437,Student_1437
,22
1438,Student_1438
,22
1439,Student_1439
,22
1440,Student_1440
,22
1441,Student_1441
,23
1442,Student_1442
,23
1443,Student_1443
,23
1444,Student_1444
,23
1445,Student_1445
,23
1446,Student_1446
,23
1447,Student_1447
,23
1448,Student_1448
,23
1449,Student_1449
,23
1450,Student_1450
,23
1451,Student_1451
,23
1452,Student_1452
,23
1453,Student_1453
,23
1454,Student_1454
,23
1455,Student_1455
,23
1456,Student_1456
,23
1457,Student_1457
,23
1458,Student_1458
,23
1459,Student_1459
,23
1460,Student_1460
,23
1461,Student_1461
,24
1462,Student_1462
,24
1463,Student_1463
,24
1464,Student_1464
,24
1465,Student_1465
,24
1466,Student_1466
,24
1467,Student_1467
,24
1468,Student_1468
,24
1469,Student_1469
,24
1470,Student_1470
,24
1471,Student_1471
,24
1472,Student_1472
,24
1473,Student_1473
,24
1474,Student_1474
,24
1475,Student_1475
,24
1476,Student_1476
,24
1477,Student_1477
,24
1478,Student_1478
,24
1479,Student_1479
,24
1480,Student_1480
,24
1481,Student_1481
,25
1482,Student_1482
,25
1483,Student_1483
,25
1484,Student_1484
,25
1485,Student_1485
,25
1486,Student_1486
,25
1487,Student_1487
,25
1488,Student_1488
,25
1489,Student_1489
,25
1490,Student_1490
,25
1491,Student_1491
,25
1492,Student_1492
,25
1493,Student_1493
,25
1494,Student_1494
,25
1495,Student_1495
,25
1496,Student_1496
,25
1497,Student_1497
,25
1498,Student_1498
,25
1499,Student_1499
,25
1500,Student_1500
,25
